Dataset,Description,Baseline RMSE,BCR RMSE,IFR RMSE,Baseline Stability,BCR Stability,IFR Stability,BCR Stability Δ%,IFR Stability Δ%
low_n_high_p,"Low n (200), high p (50)",133.85752868652344,134.89571228027344,133.87058715820314,1.5815747768104247,0.5262054308051745,1.6135125167640165,-66.72901980225194,2.0193632588147965
correlated_features,"Correlated features (AR(1), rho=0.9)",4.971248308817546,4.998474582036336,4.971026865641276,0.3425051190522777,0.24979707558661365,0.3458728373707727,-27.067637331141235,0.983260725507856
label_noise,20% label noise,210.83477681477865,210.78243713378907,210.8448521931966,7.830855146654218,7.304178834227898,7.886720684744686,-6.725655149570048,0.7134027771454425
overcapacity,"Overcapacity (n=100, p=10)",256.6772989908854,257.03529968261716,256.68284606933594,0.5453791733345359,0.23761194847009212,0.5480816743750297,-56.431789095044735,0.4955269971110794
