lambda,perf,stability
Baseline,23.919887161254884,5.2022038924618395
0,24.924197387695312,3.5037334148601014
0.01,24.943025016784667,3.493468184185804
0.02,24.94589138031006,3.4886192850017377
0.05,24.978825187683107,3.4755170643288342
0.1,25.032598304748536,3.4560688985385277
0.2,25.145720863342284,3.4133795921598495
0.5,25.535088348388673,3.296238697713976
1.0,26.276276779174804,3.1362726979899604
