Method,Avg RMSE,Std RMSE,Stability RMSE,Std p90,Std max
Baseline,23.98712247212728,0.35729245857971476,5.426123809436799,7.0004044,10.523228
BCR,24.910075759887697,0.29639855129326936,3.601390379394453,4.545704,7.424815
Weight Decay,23.989929517110188,0.3527843337477053,5.423175754676708,7.0015535,10.539357
SAM,23.99493516286214,0.3837404843090114,5.193256539269557,6.841092,10.538206
R-Drop,24.27340488433838,0.39934576301233893,4.499862033000571,6.09238,10.194376
Bagging,23.770801162719728,0.23362473927814909,3.637786675656368,4.590287,8.373591
IFR,24.163286145528158,0.5014260233543488,5.356431514197132,6.982349,10.976735
IFR-KFAC,24.005023829142253,0.37515466100420913,5.386990148223371,7.0601053,12.499419
